<songs>
  <song name="loop_Circles">
    <title>Machineheart + Vanic - Circles</title>
    <source>https://music.youtube.com/watch?v=alILy7zQFMo</source>
    <rhythm>o...:...x...o...:...:...x...:.:.o...:...x...o...:...:...x...::::o...:...x...o...:...:...x...:.:.o...:...x...o...:...:.:.x...::::o...:...x...o...:...::::x...:.:.o...:...x...o.....:.:.:.x...:.::o...:...x...o...:.:.::::x...:.:.o...:...x...o...:.:.:.:.x...::::o...:...x...o...:...:...x...:.:.o...:...x...o...:...:...x...::::o...:...x...o...:...:...x...:.:.o...:...x...o...:...:.:.x...::::o...:...x...o...:...:...x...:.:.o...:...x...o...:...:...x...::::o...:...x...o...:...:...x...:.:.o...:...x...o...:...:.:.x...::::</rhythm>
  </song>
  <song name="loop_ComeBackToMe">
    <title>SnowFlakez! - Come Back To Me</title>
    <source>https://www.youtube.com/watch?v=FnodlzoM3AU</source>
    <rhythm>o.........o.........o.........o.........o...........o.........o.........o.........o..........o.........o..........o.........o..........o..........o.........o.........o..........o........o...........o..........o.........o.........o..........o.........o..........o..........o.........o.........o.........o...............................o...x.....o.....x....o....x.....o...x.....o....x....o....x.....o....x....o....x.....o....x....o....x.....o....x....o....x.....o....x....o....x....o....x.....o....x....o....x.....o....x....o.....x....o....x....o....x.....o....x....o.....x...o.....x....o.....x....o....x....o....x.....o....x....o....x....o.....x........................+..............................................................................................................................................................................................................................................................................................................................................x.........x..........x..........x.........x.........x..........x.........x.........x..........x..........x.........x.........x.........x..........x..........x.........x..........x.........x.........x..........x..........x.........x....o.o.o.x.o.o.o...x....o.o.ox..........x.........ox........x.o.........x.........x...o.o.....o.o.o....+.............................................................................................................................................................................................................................................-...........-.............-.................+...................................................x.........x.........x..........x........x.........x..........x...........x..........x.........x.........x.........x..........x..........x..........x.........x.........x.........x...........x.........x.........x..........x.........x.........x...........x.........+.................................................................................................................</rhythm>
  </song>
  <song name="loop_DeadNBuried">
    <title>A Day To Remember - Dead &amp; Buried</title>
    <source>https://music.youtube.com/watch?v=yt362bNaZwg</source>
    <rhythm>..-...-...-....-....-...-....-........-....-...-....-...-....-...-.......:....:....-.......:....:.....-.......:.....:...-...-...-.....-....-.......-....-...-...-...-...-.....-........-....-...-....-....-...-....-....o.o.x....x...o.o..x...x..o.x.x.x..o.x.o..o.x.o.o..xxxx.........x.xx.x.....o...o...x...o....o...o....x..ox.x...o...o....x....o...o.....o.x..o.x.x..o....o...x....o...o....o...x......o.o....o...x....o....o...o....x......x.o......o.o...o.o...x......o.x.o.o.....x.x...o.x....o.o.x......o.x............</rhythm>
  </song>
  <song name="loop_Eyes">
    <title>Kaskade - Eyes</title>
    <source>https://music.youtube.com/watch?v=PftP1l5NaDw</source>
    <rhythm>.o...o...o...o...o...o...o...o...o...o...o...o...o...o...o...o...o...o...o...o...o...o...o...o...o...o...o...o...o...o...o...o..</rhythm>
  </song>
  <song name="loop_Heaven">
    <title>blink-182 - Heaven</title>
    <source>https://music.youtube.com/watch?v=Bu1JQt3WDgk</source>
    <rhythm>.x.x.x.x.x.x.x.x.x.o.o.o.o.o.o...............................................x.......................o...o...x......o...o.......o...o...o...x...o...xxo......o......o...o...x.......o..o........o...o...o..x...o...x.......o.......o...o..x........o...o..x...o...o...o...x..x.xxx........o.......o...o...x......o...o.......x....o..o...x...........o...o.......o......x.......o...o.......o...o...o..x...o..x.xxx.....o.....o...o...x........o..o........o...o..o..x....o.......o..x....o..o...x....o...o..x....o..o..x....o..</rhythm>
  </song>
  <song name="loop_HelixNebula">
    <title>Anamanaguchi - Helix Nebula</title>
    <source>https://music.youtube.com/watch?v=5mYa3lMd1iU</source>
    <rhythm>o.o.x.....o.x.o...o.x.....o.x.oo..o.x.....o.x.o...o.x.....o.x.ooo.o.x.....o.x.o...o.x.....o.x.ooo.o.x.......x...o.o.x...x.o.ooooo.o.x.....o.x.o...o.x.....o.x.oo..o.x.....o.x.o...o.x.....o.x.ooo.o.x.....o.x.o...o.x.....o.x.ooo.o.x.......x.....ooo...o.o.oooo</rhythm>
  </song>
  <song name="loop_PopCulture">
    <title>Madeon - Pop Culture</title>
    <source>https://www.youtube.com/watch?v=lTx3G6h2xyA</source>
    <rhythm>o.......x...o.........x......o......x...o........x.......o......x...o.........x.......o.....x....o........x.......o.....x....o..........x......o......x...o.........x......o.....x.....o........x.......o.....x...o.........x.......o.....x....o........x.......o.......x...o.........x......o......x.............x.....+.....................-.......o.....x....o........x.......o.....x....o..........x.....+...........................x...o...x...o..x...o..x...o...o.....x...o.........x......o......x...o......o...x......o.......x..o......o...x.....o......x...o......o...x......o......x...o.........x.......o.....x...o......o..x.......+.........................................................-...........................-..........................-............................-...........................x......x......x......x......x.......x......x......x......x......x......x......x......x......x.......x......x......x......x......x......x......x......x.......x......x......x..x...x..x...x.xxxxxxxxxxx..............................</rhythm>
  </song>
  <song name="loop_RunAway">
    <title>blink-182 - Run Away</title>
    <source>https://music.youtube.com/watch?v=imeGgm9bwnE</source>
    <rhythm>+....................x.........x...........x.............x.............................x..............x..........................x..............x............................x..............x.........................x...............x.........................x.................x........................x...............x...............x.x.x.x.x.......x.x.x.x.x.x.x.............x.....................x....................x.........o...........x.........o..........x..........o.........x..........o.........x...x.........x.x.x.x.x.x.x.x..............x..........o..........x.........o..........x....................x..........x.x.......x...............x.x.x.x.........x.........x.x..........o.o.o.o.o.o.o......x.....................x..........................................x.........................................x...........................................x........................................x............................................x.........................................x.........................................</rhythm>
  </song>
</songs>